City_ID,City,Country,Date,Lat,Lng,Max Temp,Humidity,Cloudiness,Wind Speed
0,Fortuna,US,2022-07-01 15:09:57,40.5982,-124.1573,56.35,91,100,0.0
1,Lishu,CN,2022-07-01 15:09:58,43.3047,124.3278,67.08,97,80,6.29
2,Imeni Babushkina,RU,2022-07-01 15:09:58,59.7573,43.1285,68.79,42,11,5.37
3,Leningradskiy,RU,2022-07-01 15:09:59,69.3833,178.4167,37.65,93,100,2.8
4,Iqaluit,CA,2022-07-01 15:09:59,63.7506,-68.5145,40.69,86,99,8.01
5,Vaini,TO,2022-07-01 15:09:59,-21.2,-175.2,71.76,100,20,5.75
6,Kapaa,US,2022-07-01 15:10:00,22.0752,-159.319,77.32,86,100,17.27
7,Maba,CN,2022-07-01 15:10:00,24.6841,113.5984,76.77,95,100,3.24
8,Rikitea,PF,2022-07-01 15:10:00,-23.1203,-134.9692,72.19,72,100,22.01
9,Tiksi,RU,2022-07-01 15:10:01,71.6872,128.8694,43.3,68,99,3.02
10,Salalah,OM,2022-07-01 15:10:01,17.0151,54.0924,86.09,79,100,8.05
11,Tasiilaq,GL,2022-07-01 15:10:01,65.6145,-37.6368,46.56,84,55,5.84
12,Florencia,IT,2022-07-01 15:10:02,43.7667,11.25,93.34,43,0,10.36
13,Kysyl-Syr,RU,2022-07-01 15:10:04,63.8986,122.7617,57.11,79,49,2.89
14,Busselton,AU,2022-07-01 15:10:04,-33.65,115.3333,49.64,79,0,5.73
15,Atuona,PF,2022-07-01 15:10:05,-9.8,-139.0333,76.62,77,33,11.01
16,Narsaq,GL,2022-07-01 15:10:05,60.9167,-46.05,57.42,73,6,7.83
17,Cidreira,BR,2022-07-01 15:10:05,-30.1811,-50.2056,60.48,73,1,18.7
18,Jamestown,US,2022-07-01 15:06:34,42.097,-79.2353,83.79,52,0,13.8
19,Lorengau,PG,2022-07-01 15:10:07,-2.0226,147.2712,80.65,82,56,10.18
20,Abasolo,MX,2022-07-01 15:10:08,20.45,-101.5167,72.09,55,33,4.05
21,Yellowknife,CA,2022-07-01 15:08:41,62.456,-114.3525,60.57,51,71,8.99
22,Faanui,PF,2022-07-01 15:10:08,-16.4833,-151.75,78.13,63,33,20.36
23,Bambous Virieux,MU,2022-07-01 15:10:09,-20.3428,57.7575,71.26,62,93,18.68
24,Ortona,IT,2022-07-01 15:10:09,42.3496,14.4039,87.06,70,83,9.98
25,Qaanaaq,GL,2022-07-01 15:10:10,77.484,-69.3632,40.39,75,34,2.68
26,Namibe,AO,2022-07-01 15:10:10,-15.1961,12.1522,76.26,55,5,10.4
27,Ushuaia,AR,2022-07-01 15:10:11,-54.8,-68.3,31.62,89,100,4.83
28,Hermanus,ZA,2022-07-01 15:10:12,-34.4187,19.2345,68.61,54,2,12.1
29,Coquimbo,CL,2022-07-01 15:10:12,-29.9533,-71.3436,56.93,67,0,3.44
30,Saint-Philippe,RE,2022-07-01 15:10:13,-21.3585,55.7679,71.19,74,39,13.82
31,New Norfolk,AU,2022-07-01 15:10:13,-42.7826,147.0587,39.7,88,15,1.01
32,Miandrivazo,MG,2022-07-01 15:10:14,-19.5167,45.4667,74.97,36,0,4.43
33,Nikolskoye,RU,2022-07-01 15:10:14,59.7035,30.7861,85.91,36,4,7.4
34,Mataura,NZ,2022-07-01 15:10:16,-46.1927,168.8643,47.48,93,100,5.77
35,Hobart,AU,2022-07-01 15:06:09,-42.8794,147.3294,40.05,91,15,8.05
36,Cockburn Town,TC,2022-07-01 15:10:17,21.4612,-71.1419,81.52,74,8,19.37
37,Khatanga,RU,2022-07-01 15:10:17,71.9667,102.5,51.21,61,100,11.03
38,Lavrentiya,RU,2022-07-01 15:10:18,65.5833,-171.0,53.2,70,97,12.24
39,Sao Joao Da Barra,BR,2022-07-01 15:08:41,-21.6403,-41.0511,75.29,70,4,8.34
40,Albany,US,2022-07-01 15:06:23,42.6001,-73.9662,85.64,55,79,7.02
41,Weinan,CN,2022-07-01 15:10:19,34.5036,109.5089,82.31,54,100,4.59
42,Lianzhou,CN,2022-07-01 15:10:19,24.7811,112.3825,77.54,94,100,1.3
43,Clyde River,CA,2022-07-01 15:10:20,70.4692,-68.5914,34.38,91,100,3.22
44,Punta Arenas,CL,2022-07-01 15:10:20,-53.15,-70.9167,33.82,80,0,12.66
45,Puerto Ayora,EC,2022-07-01 15:10:21,-0.7393,-90.3518,73.36,86,87,8.99
46,Cabo San Lucas,MX,2022-07-01 15:09:27,22.8909,-109.9124,88.9,67,0,0.0
47,Lompoc,US,2022-07-01 15:10:24,34.6391,-120.4579,66.78,95,100,1.01
48,Tuktoyaktuk,CA,2022-07-01 15:11:23,69.4541,-133.0374,53.6,67,67,9.28
49,Bluff,NZ,2022-07-01 15:11:23,-46.6,168.3333,47.8,76,88,18.54
50,Qaqortoq,GL,2022-07-01 15:11:23,60.7167,-46.0333,44.98,81,13,7.63
51,Esperance,AU,2022-07-01 15:11:08,-33.8667,121.9,51.22,83,0,9.78
52,Colac,AU,2022-07-01 15:06:56,-38.3333,143.5833,44.17,64,98,4.79
53,Yugorsk,RU,2022-07-01 15:11:25,61.3133,63.3319,63.86,52,57,4.88
54,Lexington,US,2022-07-01 15:10:11,37.9887,-84.4777,87.33,66,75,10.36
55,Mar Del Plata,AR,2022-07-01 15:11:26,-38.0023,-57.5575,56.08,64,0,16.11
56,Puerto Carreno,CO,2022-07-01 15:11:27,6.189,-67.4859,79.84,81,96,2.62
57,Otavi,NA,2022-07-01 15:11:27,-19.65,17.3333,69.69,26,21,6.49
58,Talcahuano,CL,2022-07-01 15:11:27,-36.7167,-73.1167,53.28,76,75,13.8
59,Cape Town,ZA,2022-07-01 15:07:12,-33.9258,18.4232,73.35,52,15,8.01
60,Ormara,PK,2022-07-01 15:11:28,25.2088,64.6357,84.72,82,100,13.82
61,Friedrichshafen,DE,2022-07-01 15:09:48,47.65,9.4833,64.22,77,20,5.75
62,Port Alfred,ZA,2022-07-01 15:11:28,-33.5906,26.891,72.36,37,0,9.89
63,Avarua,CK,2022-07-01 15:11:29,-21.2078,-159.775,77.05,83,75,12.66
64,Maloy,NO,2022-07-01 15:11:29,61.9353,5.1136,71.33,81,22,7.61
65,Tabou,CI,2022-07-01 15:11:29,4.423,-7.3528,78.58,74,87,10.47
66,Miraflores,MX,2022-07-01 15:11:30,19.2167,-98.8083,67.03,54,45,1.34
67,Pemangkat,ID,2022-07-01 15:11:30,1.1667,108.9667,80.83,83,90,8.63
68,Tocopilla,CL,2022-07-01 15:11:30,-22.092,-70.1979,63.9,69,1,4.88
69,Barrow,US,2022-07-01 15:11:31,71.2906,-156.7887,41.02,81,0,10.36
70,Samarai,PG,2022-07-01 15:11:31,-10.6167,150.6667,81.21,82,78,11.12
71,Castro,BR,2022-07-01 15:11:31,-24.7911,-50.0119,66.94,45,0,4.54
72,Churapcha,RU,2022-07-01 15:11:32,62.0025,132.4325,60.96,78,18,3.2
73,Marmande,FR,2022-07-01 15:11:32,44.5,0.1667,76.75,54,12,4.52
74,Pyaozerskiy,RU,2022-07-01 15:11:32,65.8333,31.1667,81.99,43,28,5.14
75,Lebu,CL,2022-07-01 15:11:33,-37.6167,-73.65,50.07,79,80,19.48
76,Bambanglipuro,ID,2022-07-01 15:11:33,-7.95,110.2833,76.51,83,44,13.02
77,Yushu,CN,2022-07-01 15:11:33,44.8,126.5333,68.94,95,100,5.99
78,Palmer,US,2022-07-01 15:11:34,42.1584,-72.3287,87.66,55,76,3.0
79,Broome,US,2022-07-01 15:11:34,42.2506,-75.833,85.66,59,0,10.36
80,Krabi,TH,2022-07-01 15:06:57,8.0726,98.9105,81.05,97,100,5.48
81,Grand Gaube,MU,2022-07-01 15:11:35,-20.0064,57.6608,72.19,62,54,22.01
82,Longyearbyen,SJ,2022-07-01 15:11:35,78.2186,15.6401,46.24,81,75,13.8
83,Cayenne,GF,2022-07-01 15:11:35,4.9333,-52.3333,86.04,18,75,11.5
84,Terre-De-Bas,GP,2022-07-01 15:11:36,15.8501,-61.6442,85.51,81,80,22.86
85,Kununurra,AU,2022-07-01 15:11:36,-15.7667,128.7333,60.78,72,100,14.97
86,Koshki,RU,2022-07-01 15:11:36,54.2091,50.4677,61.11,79,87,14.9
87,Ojinaga,MX,2022-07-01 15:08:10,29.5667,-104.4167,87.42,48,0,3.44
88,Vao,NC,2022-07-01 15:11:37,-22.6667,167.4833,69.82,74,100,15.9
89,Sibolga,ID,2022-07-01 15:12:37,1.7427,98.7792,76.57,86,51,3.69
90,Nurota,UZ,2022-07-01 15:12:37,40.5614,65.6886,89.19,16,0,9.04
91,Saldanha,ZA,2022-07-01 15:12:38,-33.0117,17.9442,63.77,66,23,16.67
92,Ponta Delgada,PT,2022-07-01 15:12:38,37.7333,-25.6667,75.51,73,20,17.27
93,Alofi,NU,2022-07-01 15:12:38,-19.0595,-169.9187,78.15,72,92,18.34
94,Nan,TH,2022-07-01 15:12:39,18.8333,100.6667,73.13,96,98,1.74
95,Santa Maria,BR,2022-07-01 15:12:39,-29.6842,-53.8069,62.02,64,0,7.49
96,Ha Tinh,VN,2022-07-01 15:12:39,18.3333,105.9,79.92,87,100,4.38
97,Rio Grande,BR,2022-07-01 15:12:40,-32.035,-52.0986,62.71,67,0,17.54
98,Safford,US,2022-07-01 15:08:07,32.834,-109.7076,86.11,47,24,4.21
99,San Jeronimo,PE,2022-07-01 15:12:40,-11.9472,-75.2829,56.17,32,5,1.77
100,Norman Wells,CA,2022-07-01 15:12:40,65.282,-126.8329,64.38,53,96,3.83
101,Latung,PH,2022-07-01 15:12:41,5.5,120.8833,84.24,73,65,5.95
102,Carnarvon,AU,2022-07-01 15:11:07,-24.8667,113.6333,64.76,38,0,15.03
103,Klaksvik,FO,2022-07-01 15:12:41,62.2266,-6.589,52.72,92,100,12.75
104,Tukrah,LY,2022-07-01 15:12:41,32.5341,20.5791,83.95,53,0,12.97
105,Roald,NO,2022-07-01 15:12:41,62.5833,6.1333,75.9,82,0,10.36
106,Wanaka,NZ,2022-07-01 15:12:42,-44.7,169.15,35.06,89,26,4.09
107,Lincoln,US,2022-07-01 15:08:50,40.8,-96.667,68.54,85,100,9.22
108,College,US,2022-07-01 15:12:42,64.8569,-147.8028,70.2,59,75,3.44
109,Roma,US,2022-07-01 15:12:22,43.2128,-75.4557,85.82,52,0,4.61
110,Thiruvananthapuram,IN,2022-07-01 15:10:27,8.4833,76.9167,82.38,78,40,12.66
111,Tamale,GH,2022-07-01 15:12:43,9.4008,-0.8393,83.41,60,99,4.99
112,Marsh Harbour,BS,2022-07-01 15:12:43,26.5412,-77.0636,81.37,75,7,14.97
113,Aklavik,CA,2022-07-01 15:12:43,68.2191,-135.0107,69.37,46,16,12.95
114,Dikson,RU,2022-07-01 15:12:43,73.5069,80.5464,33.57,92,100,7.38
115,Hilo,US,2022-07-01 15:12:44,19.7297,-155.09,75.61,95,75,5.75
116,Hamilton,US,2022-07-01 15:12:44,39.1834,-84.5333,88.99,65,0,11.5
117,Izhevskoye,RU,2022-07-01 15:12:44,54.5567,40.8703,56.62,59,61,14.74
118,Port Blair,IN,2022-07-01 15:12:45,11.6667,92.75,83.5,78,100,7.83
119,Lebedinyy,RU,2022-07-01 15:12:45,58.5167,125.5167,61.32,94,98,4.45
120,Taltal,CL,2022-07-01 15:12:45,-25.4,-70.4833,60.8,73,1,5.23
121,Srednekolymsk,RU,2022-07-01 15:12:45,67.45,153.6833,52.27,57,62,6.26
122,Boa Vista,BR,2022-07-01 15:12:46,2.8197,-60.6733,85.98,62,75,10.36
123,Sarti,GR,2022-07-01 15:12:46,40.1,23.9833,83.21,53,0,5.21
124,Ahipara,NZ,2022-07-01 15:12:46,-35.1667,173.1667,54.99,87,100,9.06
125,Half Moon Bay,US,2022-07-01 15:09:03,37.4636,-122.4286,61.9,86,100,8.05
126,Ranapur,IN,2022-07-01 15:12:47,22.65,74.5333,80.01,80,58,18.77
127,Hami,CN,2022-07-01 15:12:47,42.8,93.45,90.48,22,80,30.4
128,Acheng,CN,2022-07-01 15:12:47,45.5454,126.977,69.04,96,100,5.99
129,Batemans Bay,AU,2022-07-01 15:12:48,-35.7167,150.1833,53.1,84,100,8.79
130,Olinda,BR,2022-07-01 15:12:48,-8.0089,-34.8553,83.93,74,20,4.61
131,Yeppoon,AU,2022-07-01 15:12:48,-23.1333,150.7333,62.38,95,100,11.36
132,Bengkulu,ID,2022-07-01 15:12:48,-3.8004,102.2655,73.87,88,10,4.38
133,Torbay,CA,2022-07-01 15:12:49,47.6666,-52.7314,69.28,87,75,14.97
134,Ixtapa,MX,2022-07-01 15:12:49,20.7,-105.2,84.22,78,0,3.0
135,Sao Borja,BR,2022-07-01 15:11:23,-28.6606,-56.0044,70.95,74,0,10.33
136,Vilhena,BR,2022-07-01 15:13:49,-12.7406,-60.1458,84.27,36,52,4.92
137,Oksbol,DK,2022-07-01 15:13:50,55.6268,8.2876,64.9,79,100,15.64
138,Kruisfontein,ZA,2022-07-01 15:13:50,-34.0033,24.7314,73.89,33,0,12.01
139,Bud,US,2022-07-01 15:13:50,39.447,-86.1758,87.75,69,98,10.45
140,Louga,RU,2022-07-01 15:13:51,58.7372,29.8453,86.14,34,67,6.73
141,Villagarzon,CO,2022-07-01 15:13:51,1.0375,-76.6267,72.86,91,98,0.38
142,Arraial Do Cabo,BR,2022-07-01 15:13:51,-22.9661,-42.0278,73.26,73,40,17.27
143,Talnakh,RU,2022-07-01 15:13:52,69.4865,88.3972,63.19,48,76,17.74
144,Paamiut,GL,2022-07-01 15:13:52,61.994,-49.6678,37.83,93,93,5.28
145,Saint-Pierre,RE,2022-07-01 15:13:52,-21.3393,55.4781,71.28,56,100,16.11
146,Geraldton,AU,2022-07-01 15:13:53,-28.7667,114.6,46.81,81,0,5.75
147,Kodiak,US,2022-07-01 15:13:53,57.79,-152.4072,53.11,87,100,8.05
148,Smiths Falls,CA,2022-07-01 15:13:53,44.9001,-76.0161,77.56,70,100,9.15
149,Datong,CN,2022-07-01 15:13:54,40.0936,113.2914,73.4,60,6,5.28
150,Wairoa,NZ,2022-07-01 15:13:54,-39.0333,177.3667,38.55,99,3,1.99
151,Saskylakh,RU,2022-07-01 15:13:55,71.9167,114.0833,52.47,52,95,5.55
152,Tautira,PF,2022-07-01 15:13:55,-17.7333,-149.15,77.18,70,41,23.38
153,Dingle,PH,2022-07-01 15:13:56,10.9995,122.6711,77.45,89,100,5.08
154,Matara,LK,2022-07-01 15:13:56,5.9485,80.5353,80.58,84,33,14.58
155,Vardo,NO,2022-07-01 15:13:56,70.3705,31.1107,44.58,100,100,5.75
156,Isangel,VU,2022-07-01 15:13:57,-19.55,169.2667,72.28,85,29,9.95
157,Ulaangom,MN,2022-07-01 15:13:57,49.9811,92.0667,69.26,56,98,3.36
158,Vestmannaeyjar,IS,2022-07-01 15:13:57,63.4427,-20.2734,56.39,82,0,10.36
159,Catuday,PH,2022-07-01 15:13:58,16.2923,119.8062,79.93,85,100,21.47
160,Severo-Kurilsk,RU,2022-07-01 15:13:58,50.6789,156.125,51.08,72,99,11.83
161,Kot Samaba,PK,2022-07-01 15:13:58,28.5522,70.4684,97.52,42,47,14.58
162,Nassau,US,2022-07-01 15:11:22,40.7507,-73.5829,89.28,64,20,11.5
163,Chillan,CL,2022-07-01 15:13:59,-36.6066,-72.1034,50.32,87,75,4.61
164,San Cristobal,VE,2022-07-01 15:13:59,7.7669,-72.225,80.78,55,72,6.4
165,Ushumun,RU,2022-07-01 15:13:59,52.7833,126.5333,66.78,71,0,7.05
166,Lata,PT,2022-07-01 15:14:00,40.1629,-8.3327,80.49,42,0,12.95
167,Alice Springs,AU,2022-07-01 15:14:00,-23.7,133.8833,49.55,62,1,6.91
168,Vitim,RU,2022-07-01 15:14:00,59.4511,112.5578,65.82,82,73,4.61
169,Baiyin,CN,2022-07-01 15:14:01,36.5583,104.2081,67.37,61,100,13.6
170,Upernavik,GL,2022-07-01 15:14:01,72.7868,-56.1549,36.32,89,100,9.98
171,Odienne,CI,2022-07-01 15:14:01,9.51,-7.5692,86.74,48,100,5.3
172,Necochea,AR,2022-07-01 15:14:02,-38.5473,-58.7368,49.35,47,100,19.62
173,Lappeenranta,FI,2022-07-01 15:14:02,61.0587,28.1887,86.05,30,0,6.91
174,Haines Junction,CA,2022-07-01 15:14:02,60.7522,-137.5108,61.79,60,12,1.12
175,Caravelas,BR,2022-07-01 15:14:03,-17.7125,-39.2481,78.46,64,99,4.25
176,Kloulklubed,PW,2022-07-01 15:14:03,7.0419,134.2556,75.7,75,73,7.43
177,Sao Filipe,CV,2022-07-01 15:14:03,14.8961,-24.4956,74.57,79,46,5.55
178,Tianpeng,CN,2022-07-01 15:14:03,30.9866,103.9393,70.66,74,96,4.52
179,Goundam,ML,2022-07-01 15:14:04,16.4145,-3.6708,101.61,23,63,8.68
180,Buala,SB,2022-07-01 15:14:04,-8.145,159.5921,79.43,85,100,9.66
181,Araouane,ML,2022-07-01 15:15:05,18.9048,-3.5265,105.66,18,4,9.28
182,Hualmay,PE,2022-07-01 15:15:05,-11.0964,-77.6139,64.89,74,38,8.39
183,Nanortalik,GL,2022-07-01 15:15:06,60.1432,-45.2371,43.9,85,42,10.33
184,Menongue,AO,2022-07-01 15:15:06,-14.6585,17.691,77.18,23,5,1.88
185,Kavieng,PG,2022-07-01 15:15:06,-2.5744,150.7967,82.58,77,50,14.61
186,Barquisimeto,VE,2022-07-01 15:15:07,10.0739,-69.3228,83.26,54,82,11.65
187,Bredasdorp,ZA,2022-07-01 15:15:07,-34.5322,20.0403,68.52,52,11,7.67
188,Maragogi,BR,2022-07-01 15:15:08,-9.0122,-35.2225,78.89,84,61,11.97
189,Taga,RO,2022-07-01 15:15:08,46.95,24.05,95.32,32,53,7.81
190,Georgetown,MY,2022-07-01 15:12:13,5.4112,100.3354,85.95,81,20,6.91
191,Touba,CI,2022-07-01 15:15:08,8.2833,-7.6833,83.8,61,92,3.13
192,Husavik,IS,2022-07-01 15:15:09,66.0449,-17.3389,48.15,92,100,9.04
193,Laguna,US,2022-07-01 15:10:12,38.421,-121.4238,69.08,77,0,11.5
194,Provideniya,RU,2022-07-01 15:15:09,64.3833,-173.3,47.93,88,95,14.65
195,Port Hardy,CA,2022-07-01 15:15:09,50.6996,-127.4199,57.38,88,100,0.0
196,Mayo,US,2022-07-01 15:15:10,38.8876,-76.5119,91.04,70,0,4.61
197,La Ronge,CA,2022-07-01 15:15:10,55.1001,-105.2842,55.65,47,75,4.61
198,Nemuro,JP,2022-07-01 15:15:10,43.3236,145.575,54.36,96,24,10.71
199,Mount Gambier,AU,2022-07-01 15:15:11,-37.8333,140.7667,46.83,72,100,4.23
200,Ponta Do Sol,PT,2022-07-01 15:15:11,32.6667,-17.1,77.0,69,5,4.32
201,Hithadhoo,MV,2022-07-01 15:15:11,-0.6,73.0833,81.39,76,98,10.96
202,Tongzi,CN,2022-07-01 15:15:12,28.7829,105.0877,73.18,90,28,2.55
203,Liangxiang,CN,2022-07-01 15:15:12,39.7319,116.14,76.73,76,97,2.91
204,Megion,RU,2022-07-01 15:15:12,61.0296,76.1136,55.42,87,95,14.72
205,Meulaboh,ID,2022-07-01 15:15:13,4.1363,96.1285,76.12,93,95,5.06
206,Barcelona,ES,2022-07-01 15:12:15,41.3888,2.159,86.18,64,40,11.5
207,Lagoa,PT,2022-07-01 15:15:13,39.05,-27.9833,66.63,91,100,12.26
208,Minggang,CN,2022-07-01 15:15:13,32.4586,114.0486,83.41,70,92,3.47
209,Kirakira,SB,2022-07-01 15:15:14,-10.4544,161.9205,80.2,76,48,14.5
210,Airai,TL,2022-07-01 15:15:14,-8.9266,125.4092,58.59,97,80,3.27
211,Merauke,ID,2022-07-01 15:15:14,-8.4667,140.3333,78.64,90,28,9.53
212,Canico,PT,2022-07-01 15:15:15,32.6333,-16.85,77.0,75,40,12.66
213,Souillac,MU,2022-07-01 15:15:15,-20.5167,57.5167,68.38,83,40,12.66
214,Vernon,CA,2022-07-01 15:15:15,50.2581,-119.2691,66.92,64,12,1.99
215,Bima,ID,2022-07-01 15:15:16,-8.4667,118.7167,75.72,95,100,2.98
216,Cedar City,US,2022-07-01 15:10:23,37.6775,-113.0619,76.39,31,0,0.0
217,San Carlos,VE,2022-07-01 15:15:16,9.6612,-68.5827,81.7,75,75,3.74
218,Quattro Castella,IT,2022-07-01 15:15:16,44.635,10.4743,94.26,31,0,12.44
219,Ridgecrest,US,2022-07-01 15:15:17,35.6225,-117.6709,83.43,6,0,0.0
220,Muswellbrook,AU,2022-07-01 15:15:17,-32.2667,150.9,50.32,98,100,2.01
221,Santa Marta,CO,2022-07-01 15:15:17,11.2408,-74.199,81.37,76,62,1.34
222,Altay,CN,2022-07-01 15:15:18,47.8667,88.1167,61.75,85,50,5.37
223,Tuxpan,MX,2022-07-01 15:15:18,19.55,-103.4,74.66,70,86,2.19
224,Krasnyy Chikoy,RU,2022-07-01 15:15:18,50.3643,108.7512,62.28,93,84,4.16
225,Tamandare,BR,2022-07-01 15:15:19,-8.7597,-35.1047,78.96,86,60,10.2
226,Kuruman,ZA,2022-07-01 15:15:19,-27.4524,23.4325,61.0,47,96,12.77
227,Komsomolskiy,UZ,2022-07-01 15:16:19,40.4272,71.7189,90.32,20,48,2.3
228,Luderitz,NA,2022-07-01 15:16:20,-26.6481,15.1594,69.66,47,0,15.97
229,Bakchar,RU,2022-07-01 15:16:20,57.0186,82.0711,52.95,91,100,9.31
230,Kabugao,PH,2022-07-01 15:16:20,18.0217,121.1842,75.65,97,100,1.1
231,Riyadh,SA,2022-07-01 15:16:21,24.6877,46.7219,109.54,7,27,12.73
232,Mount Isa,AU,2022-07-01 15:16:21,-20.7333,139.5,53.37,100,100,12.66
233,Shahreza,IR,2022-07-01 15:16:21,32.0339,51.8794,93.61,8,2,19.91
234,Brae,GB,2022-07-01 15:16:21,60.3964,-1.353,55.27,98,100,5.95
235,Ribeira Grande,PT,2022-07-01 15:16:22,38.5167,-28.7,73.8,73,40,19.57
236,Flinders,AU,2022-07-01 15:16:22,-34.5833,150.8552,55.18,92,100,4.0
237,Zhangye,CN,2022-07-01 15:16:22,38.9342,100.4517,79.34,21,0,6.15
238,El Vigia,VE,2022-07-01 15:16:23,8.6219,-71.6506,86.68,57,98,4.38
239,Puerto El Triunfo,SV,2022-07-01 15:16:23,13.2833,-88.55,84.0,65,100,2.24
240,Tuatapere,NZ,2022-07-01 15:16:23,-46.1333,167.6833,45.34,87,76,6.35
241,Sehithwa,BW,2022-07-01 15:11:33,-20.4667,22.7167,69.51,34,100,4.27
242,Orotukan,RU,2022-07-01 15:16:24,62.2667,151.7,53.98,70,100,3.09
243,Houma,US,2022-07-01 15:16:24,29.5958,-90.7195,79.0,89,0,3.44
244,Nisia Floresta,BR,2022-07-01 15:16:24,-6.0911,-35.2086,88.18,75,42,9.06
245,Mao,ES,2022-07-01 15:16:16,39.8885,4.2658,79.36,57,20,16.11
246,Payakumbuh,ID,2022-07-01 15:16:25,-0.2202,100.6308,68.04,92,42,3.58
247,Ambovombe,MG,2022-07-01 15:16:25,-25.1667,46.0833,67.57,70,7,20.07
248,Hickory,US,2022-07-01 15:16:25,35.7332,-81.3412,83.16,74,75,1.01
249,Codrington,AU,2022-07-01 15:16:26,-38.2667,141.9667,48.69,70,99,7.25
250,Ales,FR,2022-07-01 15:16:26,44.1333,4.0833,85.28,18,7,7.47
251,Naryan-Mar,RU,2022-07-01 15:16:26,67.6713,53.087,51.24,84,100,10.94
252,Borgarnes,IS,2022-07-01 15:16:26,64.5383,-21.9206,64.81,78,92,6.17
253,Quatre Cocos,MU,2022-07-01 15:16:27,-20.2078,57.7625,68.11,61,84,18.79
254,Linhares,BR,2022-07-01 15:16:27,-19.3911,-40.0722,75.69,65,93,4.38
255,Novikovo,RU,2022-07-01 15:16:27,51.1537,37.8879,66.16,57,1,16.11
256,Sao Teotonio,PT,2022-07-01 15:16:28,37.5128,-8.7071,77.67,45,3,13.58
257,Cherskiy,RU,2022-07-01 15:16:28,68.75,161.3,42.17,77,99,10.96
258,Bryan,US,2022-07-01 15:16:28,30.6744,-96.37,84.81,76,100,5.75
259,Tarauaca,BR,2022-07-01 15:16:29,-8.1614,-70.7656,86.92,45,5,2.1
260,Wanning,CN,2022-07-01 15:16:29,18.8003,110.3967,77.59,94,100,16.35
261,Butaritari,KI,2022-07-01 15:16:29,3.0707,172.7902,81.7,78,93,16.78
262,Guiratinga,BR,2022-07-01 15:16:29,-16.3494,-53.7583,86.97,25,3,10.0
263,Murray Bridge,AU,2022-07-01 15:16:30,-35.1167,139.2667,49.12,83,36,4.59
264,Les Escoumins,CA,2022-07-01 15:16:30,48.1111,-69.0236,52.95,69,100,11.95
265,Zhezkazgan,KZ,2022-07-01 15:16:30,47.8043,67.7144,76.98,19,40,6.71
266,Victoria,HK,2022-07-01 15:15:12,22.2855,114.1577,82.96,88,100,25.01
267,Salinas,US,2022-07-01 15:13:07,36.6777,-121.6555,56.98,86,100,5.75
268,Wakkanai,JP,2022-07-01 15:16:31,45.4094,141.6739,59.23,98,10,10.87
269,Luwuk,ID,2022-07-01 15:16:31,-0.9516,122.7875,77.49,89,33,1.68
270,Pechenga,RU,2022-07-01 15:16:31,69.5259,31.1703,65.55,53,9,9.66
271,Carroll,US,2022-07-01 15:15:44,39.5501,-77.0164,88.12,62,0,8.05
272,San Antonio,US,2022-07-01 15:17:32,29.4241,-98.4936,88.25,67,0,5.75
273,Gamboma,CG,2022-07-01 15:17:32,-1.8764,15.8644,93.56,28,21,3.91
274,Bathsheba,BB,2022-07-01 15:17:32,13.2167,-59.5167,81.21,83,75,18.41
275,Sarangani,PH,2022-07-01 15:17:33,5.4033,125.4636,84.15,73,22,10.31
276,Bassar,TG,2022-07-01 15:17:33,9.25,0.7833,78.6,74,90,5.77
277,Dodoma,TZ,2022-07-01 15:15:58,-6.1722,35.7395,71.91,41,19,12.82
278,Shingu,JP,2022-07-01 15:15:41,33.7333,135.9833,75.33,89,99,4.23
279,Fairbanks,US,2022-07-01 15:14:10,64.8378,-147.7164,70.21,60,75,3.44
280,Saint George,US,2022-07-01 15:17:33,37.1041,-113.5841,88.63,29,20,4.61
281,Charleston,US,2022-07-01 15:14:47,32.7766,-79.9309,80.76,92,20,9.22
282,Kaitangata,NZ,2022-07-01 15:17:34,-46.2817,169.8464,46.76,80,92,10.18
283,Viedma,AR,2022-07-01 15:17:34,-40.8135,-62.9967,50.2,36,100,19.17
284,East London,ZA,2022-07-01 15:17:34,-33.0153,27.9116,67.14,63,0,3.44
285,Henties Bay,NA,2022-07-01 15:17:34,-22.116,14.2845,67.8,59,0,10.29
286,Thompson,CA,2022-07-01 15:16:36,55.7435,-97.8558,51.96,62,75,14.97
287,Ketchikan,US,2022-07-01 15:17:35,55.3422,-131.6461,59.47,88,100,0.0
288,Sencha,UA,2022-07-01 15:17:35,50.2548,33.346,76.17,50,0,10.42
289,Atar,MR,2022-07-01 15:17:35,20.5169,-13.0499,102.76,11,3,13.98
290,Berbera,SO,2022-07-01 15:17:35,10.4396,45.0143,95.2,41,92,5.66
291,Juneau,US,2022-07-01 15:13:06,58.3019,-134.4197,57.22,90,75,3.44
292,Namatanai,PG,2022-07-01 15:17:36,-3.6667,152.4333,79.81,83,84,9.44
293,Veraval,IN,2022-07-01 15:17:36,20.9,70.3667,83.46,82,100,17.9
294,Bilma,NE,2022-07-01 15:17:36,18.6853,12.9164,106.38,10,27,8.75
295,Hernani,ES,2022-07-01 15:17:37,43.2662,-1.9762,74.1,64,20,12.66
296,Sembakung,ID,2022-07-01 15:17:37,3.8167,117.25,74.71,93,82,0.81
297,Touros,BR,2022-07-01 15:17:37,-5.1989,-35.4608,84.09,66,42,12.77
298,Sola,VU,2022-07-01 15:17:37,-13.8833,167.55,80.33,77,94,24.18
299,Boyolangu,ID,2022-07-01 15:17:38,-8.1181,111.8935,75.27,89,74,7.99
300,Weligama,LK,2022-07-01 15:17:38,5.9667,80.4167,80.67,84,38,15.1
301,Zatoka,UA,2022-07-01 15:17:38,46.0725,30.4654,77.54,53,0,6.04
302,Envira,BR,2022-07-01 15:17:39,-7.3,-70.2167,85.82,46,3,3.29
303,Diamantino,BR,2022-07-01 15:17:39,-14.4086,-56.4461,89.64,27,2,7.34
304,Excelsior Springs,US,2022-07-01 15:17:39,39.3392,-94.2261,84.97,62,0,5.75
305,Nieuw Amsterdam,SR,2022-07-01 15:17:39,5.8833,-55.0833,91.02,63,75,9.22
306,Loei,TH,2022-07-01 15:17:40,17.4167,101.5,66.81,95,100,3.91
307,Kavaratti,IN,2022-07-01 15:17:40,10.5669,72.642,82.81,82,100,22.01
308,Ahuimanu,US,2022-07-01 15:17:40,21.4447,-157.8378,78.51,85,40,17.27
309,Sabang,ID,2022-07-01 15:17:41,5.8933,95.3214,79.47,87,99,24.05
310,Nouakchott,MR,2022-07-01 15:17:41,18.0858,-15.9785,84.13,62,0,16.35
311,Manta,EC,2022-07-01 15:17:41,-0.95,-80.7333,74.98,83,100,11.5
312,Semnan,IR,2022-07-01 15:17:42,35.5729,53.3971,99.34,10,0,10.74
313,Rawson,AR,2022-07-01 15:17:42,-43.3002,-65.1023,46.2,70,98,7.9
314,Tikhvin,RU,2022-07-01 15:17:42,59.6451,33.5294,78.22,24,54,5.19
315,Bethel,US,2022-07-01 15:17:43,41.3712,-73.414,87.15,68,20,12.66
316,Mantua,IT,2022-07-01 15:17:43,45.1667,10.7833,95.09,41,37,5.01
317,Ilo,PE,2022-07-01 15:17:43,-17.6394,-71.3375,63.46,72,40,8.05
318,Aitape,PG,2022-07-01 15:17:43,-3.1374,142.3475,79.65,88,85,7.07
319,Stockerau,AT,2022-07-01 15:17:44,48.383,16.1996,93.25,55,75,13.8
320,Jinchang,CN,2022-07-01 15:17:44,38.4953,102.1739,77.13,30,68,3.04
321,Cabedelo,BR,2022-07-01 15:18:44,-6.9811,-34.8339,84.87,75,38,9.82
322,Port Elizabeth,ZA,2022-07-01 15:18:33,-33.918,25.5701,79.09,25,0,2.3
323,Huejuquilla El Alto,MX,2022-07-01 15:18:44,22.6,-103.8667,68.05,63,100,0.78
324,Nhulunbuy,AU,2022-07-01 15:18:45,-12.2333,136.7667,75.81,83,100,18.41
325,Tongliao,CN,2022-07-01 15:18:45,43.6125,122.2653,68.41,89,79,6.4
326,Huarmey,PE,2022-07-01 15:18:45,-10.0681,-78.1522,65.75,74,18,7.83
327,Poya,NC,2022-07-01 15:18:46,-21.35,165.15,67.95,82,60,3.96
328,Baykit,RU,2022-07-01 15:18:46,61.67,96.37,64.67,64,100,2.48
329,Katsuura,JP,2022-07-01 15:18:46,35.1333,140.3,76.23,88,0,13.58
330,Kherson,UA,2022-07-01 15:14:31,46.6558,32.6178,88.16,22,0,12.55
331,Renfrew,GB,2022-07-01 15:15:59,55.872,-4.3925,68.47,68,100,10.36
332,La Palma,US,2022-07-01 15:18:47,33.8464,-118.0467,78.91,82,100,6.91
333,Tigil,RU,2022-07-01 15:18:47,57.8,158.6667,51.58,89,100,11.83
334,Vostok,RU,2022-07-01 15:18:47,46.4856,135.8833,62.8,88,100,3.29
335,Puerto Maldonado,PE,2022-07-01 15:18:47,-12.6,-69.1833,82.8,61,0,3.44
336,Kamennogorsk,RU,2022-07-01 15:18:48,60.9545,29.1339,85.71,34,67,3.29
337,Beringovskiy,RU,2022-07-01 15:18:48,63.05,179.3167,43.59,99,100,12.24
338,Casas Grandes,MX,2022-07-01 15:18:48,30.3667,-107.95,74.44,56,85,2.57
339,Awbari,LY,2022-07-01 15:18:49,26.5921,12.7805,108.19,7,55,16.44
340,Korla,CN,2022-07-01 15:18:49,41.7597,86.1469,84.97,22,67,12.41
341,Ilulissat,GL,2022-07-01 15:18:49,69.2167,-51.1,50.02,53,20,9.22
342,Severnyy,RU,2022-07-01 15:18:49,50.677,36.5532,77.04,33,0,13.42
343,Cabo Rojo,PR,2022-07-01 15:18:50,18.0866,-67.1457,91.26,63,34,7.0
344,Gizo,SB,2022-07-01 15:18:50,-8.103,156.8419,81.9,77,88,7.81
345,Pisco,PE,2022-07-01 15:14:47,-13.7,-76.2167,61.02,88,100,8.05
346,Sorland,NO,2022-07-01 15:18:50,67.667,12.6934,60.58,83,0,10.54
347,Evensk,RU,2022-07-01 15:18:51,61.95,159.2333,46.67,92,45,2.8
348,Anloga,GH,2022-07-01 15:18:51,5.7947,0.8973,79.09,75,99,13.35
349,Morondava,MG,2022-07-01 15:18:51,-20.2833,44.2833,73.76,62,0,7.43
350,Talara,PE,2022-07-01 15:18:52,-4.5772,-81.2719,70.56,68,0,14.97
351,Ha Giang,VN,2022-07-01 15:18:52,22.8333,104.9833,78.19,96,87,3.2
352,Sitka,US,2022-07-01 15:18:21,57.0531,-135.33,55.29,76,100,9.22
353,Zyryanka,RU,2022-07-01 15:18:52,65.75,150.85,57.76,54,100,6.98
354,Pocri,PA,2022-07-01 15:18:53,8.2667,-80.55,80.42,74,87,7.72
355,Gravdal,NO,2022-07-01 15:18:53,68.1214,13.5031,80.49,50,0,5.75
356,Laranjeiras Do Sul,BR,2022-07-01 15:18:53,-25.4078,-52.4161,67.28,58,0,5.68
357,Espanola,US,2022-07-01 15:15:12,35.9911,-106.0806,78.13,51,88,1.01
358,Levin,NZ,2022-07-01 15:18:54,-40.6333,175.275,40.71,80,21,2.04
359,Ranau,MY,2022-07-01 15:18:54,5.9538,116.6641,72.16,87,100,1.43
360,Conneaut,US,2022-07-01 15:16:14,41.9476,-80.5542,89.69,42,74,14.36
361,Obama,JP,2022-07-01 15:18:54,35.4958,135.746,82.96,67,0,3.36
362,Maryville,US,2022-07-01 15:18:49,35.7565,-83.9705,88.18,63,20,4.61
363,Bobo Dioulasso,BF,2022-07-01 15:18:55,11.1771,-4.2979,88.54,45,76,5.28
364,Purpe,RU,2022-07-01 15:18:55,64.4803,76.6897,61.34,47,100,19.26
365,Sussex,US,2022-07-01 15:14:55,41.1834,-74.6663,87.75,65,0,5.75
366,Aracaju,BR,2022-07-01 15:18:55,-10.9111,-37.0717,76.95,88,75,11.5
367,Coihaique,CL,2022-07-01 15:19:55,-45.5752,-72.0662,35.55,93,75,3.44
368,Zeya,RU,2022-07-01 15:19:56,53.75,127.2667,66.36,75,3,4.61
369,Acapulco,MX,2022-07-01 15:18:56,16.8634,-99.8901,84.02,74,75,5.75
370,Kendari,ID,2022-07-01 15:19:56,-3.945,122.4989,75.49,92,98,1.77
371,Burnie,AU,2022-07-01 15:19:56,-41.0667,145.9167,42.42,81,2,5.06
372,Timberlake,US,2022-07-01 15:19:57,37.3207,-79.2575,86.63,70,0,9.22
373,Muros,ES,2022-07-01 15:19:57,42.7762,-9.0603,85.15,63,6,10.87
374,Seymchan,RU,2022-07-01 15:19:57,62.8833,152.4333,49.91,83,43,7.74
375,Odweyne,SO,2022-07-01 15:19:58,9.4092,45.064,80.74,40,100,21.79
376,Hervey Bay,AU,2022-07-01 15:19:58,-25.2986,152.8535,61.02,97,100,5.01
377,Chokurdakh,RU,2022-07-01 15:19:58,70.6333,147.9167,46.18,52,87,11.63
378,Kemin,KG,2022-07-01 15:19:59,42.7846,75.6892,66.88,41,15,3.13
379,Kisangani,CD,2022-07-01 15:19:59,0.5167,25.2,78.3,73,91,4.63
380,Kalmunai,LK,2022-07-01 15:19:59,7.4167,81.8167,83.95,76,50,6.15
381,Valle De Allende,MX,2022-07-01 15:20:00,26.9333,-105.4,71.98,56,100,1.28
382,Nouadhibou,MR,2022-07-01 15:20:00,20.931,-17.0347,76.98,61,0,16.11
383,At-Bashi,KG,2022-07-01 15:20:00,41.1702,75.8106,62.87,35,2,5.39
384,Luganville,VU,2022-07-01 15:20:01,-15.5333,167.1667,77.43,85,68,12.71
385,Goba,ET,2022-07-01 15:20:01,7.0167,39.9833,54.46,84,100,3.89
386,Araripina,BR,2022-07-01 15:20:01,-7.5761,-40.4983,80.71,55,33,13.35
387,Surt,LY,2022-07-01 15:20:01,31.2089,16.5887,86.13,49,0,8.99
388,Linfen,CN,2022-07-01 15:20:02,36.0889,111.5189,85.55,49,25,1.79
389,Goderich,CA,2022-07-01 15:20:02,43.7501,-81.7165,75.9,77,100,9.22
390,Two Hills,CA,2022-07-01 15:20:03,53.7169,-111.7518,61.29,77,27,11.5
391,Chuy,UY,2022-07-01 15:20:03,-33.6971,-53.4616,56.68,58,0,14.88
392,Adrar,MR,2022-07-01 15:20:04,20.5022,-10.0711,101.57,10,37,15.59
393,Ugoofaaru,MV,2022-07-01 15:20:04,5.6667,73.0,83.03,78,68,19.86
394,Beloha,MG,2022-07-01 15:20:04,-25.1667,45.05,65.77,73,4,15.32
395,Alexander City,US,2022-07-01 15:19:15,32.944,-85.9539,85.19,78,0,0.0
396,Zhigansk,RU,2022-07-01 15:20:05,66.7697,123.3711,55.24,50,39,6.62
397,Bardiyah,LY,2022-07-01 15:20:05,31.7561,25.0865,83.39,52,0,18.63
398,Abu Samrah,SY,2022-07-01 15:20:06,35.3029,37.1841,88.57,27,0,19.08
399,Buraydah,SA,2022-07-01 15:20:06,26.326,43.975,106.25,6,14,10.76
400,Poum,NC,2022-07-01 15:20:06,-20.2333,164.0167,73.45,68,70,9.84
401,Linkoping,SE,2022-07-01 15:20:07,58.4109,15.6216,83.57,51,20,4.61
402,Saint-Joseph,RE,2022-07-01 15:20:07,-21.3667,55.6167,70.18,74,17,14.61
403,Axim,GH,2022-07-01 15:20:07,4.8699,-2.2405,79.2,72,97,11.48
404,Khasan,RU,2022-07-01 15:20:08,42.4308,130.6434,60.53,96,99,2.06
405,Kuytun,RU,2022-07-01 15:20:08,54.3419,101.5036,64.33,91,92,17.49
406,Suar,IN,2022-07-01 15:20:09,29.0333,79.05,90.34,52,100,3.85
407,Naze,JP,2022-07-01 15:20:09,28.3667,129.4833,76.12,87,92,15.95
408,Ancud,CL,2022-07-01 15:20:09,-41.8697,-73.8203,43.23,68,95,11.48
409,Kitimat,CA,2022-07-01 15:20:10,54.0524,-128.6534,60.91,22,95,1.74
410,Claresholm,CA,2022-07-01 15:20:10,50.0333,-113.5852,64.31,63,13,1.14
411,Conde,BR,2022-07-01 15:20:10,-7.2597,-34.9075,83.66,70,75,6.91
412,Flin Flon,CA,2022-07-01 15:21:11,54.7682,-101.865,53.44,54,40,12.66
413,Teguise,ES,2022-07-01 15:21:11,29.0605,-13.564,73.62,53,75,17.27
414,Skjervoy,NO,2022-07-01 15:21:11,70.0311,20.9714,71.6,93,34,4.12
415,Trinidad,BO,2022-07-01 15:19:35,-14.8333,-64.9,84.18,51,41,5.75
416,Venado Tuerto,AR,2022-07-01 15:21:12,-33.7456,-61.9688,54.77,59,8,18.1
417,Vila,PT,2022-07-01 15:21:12,42.0304,-8.1588,75.7,44,0,4.61
418,Tabanan,ID,2022-07-01 15:21:12,-8.5413,115.1252,79.2,93,98,7.52
419,Swift Current,CA,2022-07-01 15:21:13,50.2834,-107.8014,65.21,63,0,3.44
420,Lasa,IT,2022-07-01 15:21:13,46.6166,10.7002,79.7,76,51,6.15
421,Makakilo City,US,2022-07-01 15:21:13,21.3469,-158.0858,77.32,70,0,17.27
422,Port Lincoln,AU,2022-07-01 15:21:14,-34.7333,135.8667,52.63,64,100,8.79
423,Smithers,CA,2022-07-01 15:21:15,54.7804,-127.1743,59.32,82,20,4.61
424,Canete,CL,2022-07-01 15:18:31,-37.8,-73.4,47.44,92,91,12.55
425,Abu Kamal,SY,2022-07-01 15:21:15,34.4506,40.9171,101.16,10,0,13.73
426,Gimli,CA,2022-07-01 15:21:15,50.6336,-96.9907,62.62,39,21,10.36
427,Yuncheng,CN,2022-07-01 15:21:16,35.0231,110.9928,78.42,67,100,5.55
428,Havre-Saint-Pierre,CA,2022-07-01 15:21:16,50.2334,-63.5986,68.36,45,0,5.75
429,Mildura,AU,2022-07-01 15:21:16,-34.2,142.15,40.06,85,0,10.54
430,Leh,IN,2022-07-01 15:18:15,34.1667,77.5833,75.61,20,8,6.55
431,Magnor,SE,2022-07-01 15:21:17,59.9511,12.1996,76.73,80,54,4.14
432,Hay River,CA,2022-07-01 15:21:17,60.8156,-115.7999,58.98,51,40,5.75
433,Shemonaikha,KZ,2022-07-01 15:21:17,50.6328,81.9056,60.08,52,29,4.25
434,Marawi,PH,2022-07-01 15:21:18,7.9986,124.2928,69.66,93,97,2.13
435,Ola,RU,2022-07-01 15:21:18,59.5833,151.2833,52.14,91,24,0.51
436,Elko,US,2022-07-01 15:21:18,41.0002,-115.5012,72.05,17,98,1.5
437,Bambamarca,PE,2022-07-01 15:21:19,-6.6833,-78.5333,59.59,50,27,5.64
438,Cavalcante,BR,2022-07-01 15:21:19,-13.7975,-47.4583,82.09,26,4,9.04
439,Shashi,CN,2022-07-01 15:21:19,30.3072,112.2447,82.0,77,19,6.62
440,Shakawe,BW,2022-07-01 15:21:20,-18.3667,21.85,70.29,31,90,4.54
441,Melfort,CA,2022-07-01 15:21:06,52.8667,-104.6177,53.73,62,55,8.05
442,Konevo,RU,2022-07-01 15:21:20,62.1215,39.3192,75.79,35,84,2.66
443,Zhoucheng,CN,2022-07-01 15:21:20,35.9122,116.3117,82.8,57,1,4.07
444,Nabire,ID,2022-07-01 15:21:20,-3.3667,135.4833,75.31,95,69,3.6
445,Steinbach,DE,2022-07-01 15:21:21,50.1667,8.5667,71.8,52,20,11.5
446,Bourail,NC,2022-07-01 15:21:21,-21.5667,165.4833,66.97,83,44,4.47
447,Inuvik,CA,2022-07-01 15:21:21,68.3499,-133.7218,70.66,49,20,6.91
448,El Tigre,VE,2022-07-01 15:21:22,8.8875,-64.2454,84.67,55,19,7.31
449,Tivaouane,SN,2022-07-01 15:21:22,14.9515,-16.8129,89.94,43,100,13.47
450,Valasske Klobouky,CZ,2022-07-01 15:21:22,49.1406,18.0076,94.82,27,42,6.67
451,Cap Malheureux,MU,2022-07-01 15:21:23,-19.9842,57.6142,72.34,62,53,21.47
452,Huilong,CN,2022-07-01 15:21:23,31.8111,121.655,79.93,94,6,14.74
453,Udachnyy,RU,2022-07-01 15:21:23,66.4167,112.4,61.63,57,100,5.61
454,Salisbury,GB,2022-07-01 15:21:24,51.0693,-1.7957,67.69,60,75,13.8
455,Chalus,IR,2022-07-01 15:21:24,36.655,51.4204,81.86,65,20,9.22
456,Kamenka,RU,2022-07-01 15:21:24,51.3223,42.7678,57.65,56,37,16.93
457,Esna,EG,2022-07-01 15:21:24,25.2934,32.554,100.29,15,0,14.32
458,Bundaberg,AU,2022-07-01 15:22:25,-24.85,152.35,61.21,99,100,3.0
459,Mananara,MG,2022-07-01 15:22:25,-16.1667,49.7667,70.56,78,70,9.95
460,Cikupa,ID,2022-07-01 15:22:25,-6.2364,106.5083,82.9,84,75,2.39
461,Conakry,GN,2022-07-01 15:22:26,9.538,-13.6773,77.07,78,75,4.61
462,Nsunga,TZ,2022-07-01 15:22:26,-1.1439,31.3947,77.34,43,33,9.01
463,Tanem,NO,2022-07-01 15:22:26,63.3078,10.4319,76.89,58,100,11.45
464,Horki,BY,2022-07-01 15:22:27,54.2861,30.9842,77.45,57,2,2.19
465,Chaman,PK,2022-07-01 15:22:27,30.9236,66.4512,96.1,8,1,5.21
466,Te Anau,NZ,2022-07-01 15:22:27,-45.4167,167.7167,40.62,93,76,1.66
467,Zhanakorgan,KZ,2022-07-01 15:22:28,43.9098,67.2495,83.37,14,0,11.92
468,Daru,PG,2022-07-01 15:22:28,-9.0763,143.2092,78.71,91,61,8.5
469,Sistranda,NO,2022-07-01 15:22:28,63.7256,8.834,78.76,73,100,12.15
470,Jardim,BR,2022-07-01 15:22:29,-21.4803,-56.1381,84.97,33,0,11.52
471,Marica,BR,2022-07-01 15:22:29,-22.9194,-42.8186,75.15,71,0,7.63
472,Margate,GB,2022-07-01 15:22:29,51.3813,1.3862,69.87,54,86,7.0
473,Cape Canaveral,US,2022-07-01 15:18:16,28.4058,-80.6048,89.1,75,40,9.22
474,Oistins,BB,2022-07-01 15:19:56,13.0667,-59.5333,80.69,83,75,18.41
475,Baruun-Urt,MN,2022-07-01 15:22:29,46.6806,113.2792,72.64,45,8,3.62
476,Assiniboia,CA,2022-07-01 15:22:30,49.6334,-105.9845,64.22,52,78,4.61
477,Cedral,MX,2022-07-01 15:22:30,23.8,-100.7333,71.49,60,10,4.97
478,Karratha,AU,2022-07-01 15:22:30,-20.7377,116.8463,64.71,32,5,16.4
479,Rincon,US,2022-07-01 15:22:31,32.296,-81.2354,81.86,90,75,5.75
480,Koumac,NC,2022-07-01 15:22:31,-20.5667,164.2833,70.2,71,67,3.4
481,Visnes,NO,2022-07-01 15:22:31,59.3556,5.2242,73.78,88,75,10.36
482,Taunggyi,MM,2022-07-01 15:22:32,20.7833,97.0333,64.58,95,100,2.57
483,Rio De Janeiro,BR,2022-07-01 15:21:59,-22.9028,-43.2075,80.55,70,75,6.91
484,Asau,RO,2022-07-01 15:22:32,46.4333,26.4,88.72,45,52,8.52
485,Puerto Ayacucho,VE,2022-07-01 15:22:32,5.6639,-67.6236,77.56,86,97,3.78
486,Pringsewu,ID,2022-07-01 15:22:32,-5.3582,104.9744,71.51,90,28,1.3
487,Murud,IN,2022-07-01 15:22:33,18.3258,72.965,81.32,85,99,14.47
488,Koundara,GN,2022-07-01 15:22:33,12.4833,-13.3,86.16,63,100,3.87
489,Novobiryusinskiy,RU,2022-07-01 15:22:33,56.9578,97.7076,57.29,97,99,6.02
490,Surenavan,AM,2022-07-01 15:22:34,39.75,44.8,93.78,18,0,5.3
491,Brandon,US,2022-07-01 15:22:02,27.9378,-82.2859,91.11,76,43,4.0
492,San Andres,CO,2022-07-01 15:22:34,12.5847,-81.7006,77.02,94,100,18.41
493,Grand-Santi,GF,2022-07-01 15:22:34,4.25,-54.3833,86.5,56,96,5.12
494,Faya,SA,2022-07-01 15:22:35,18.3851,42.4509,77.11,44,62,9.84
495,Pangnirtung,CA,2022-07-01 15:22:35,66.1451,-65.7125,44.6,87,100,4.61
496,Nome,US,2022-07-01 15:22:35,64.5011,-165.4064,59.07,77,100,12.66
497,Pleasanton,US,2022-07-01 15:20:13,37.6624,-121.8747,63.09,79,40,4.0
498,Zerbst,DE,2022-07-01 15:22:35,51.9667,12.0833,64.31,78,99,14.79
499,Nayagarh,IN,2022-07-01 15:22:36,20.1333,85.1,84.88,66,97,3.98
500,Richards Bay,ZA,2022-07-01 15:22:36,-28.783,32.0377,69.22,41,0,11.41
501,Port-Gentil,GA,2022-07-01 15:22:36,-0.7193,8.7815,80.56,69,20,8.05
502,Ambulu,ID,2022-07-01 15:22:37,-8.345,113.6058,74.91,90,66,4.12
503,Winslow,US,2022-07-01 15:22:37,35.0242,-110.6974,71.78,53,0,0.0
504,Acarau,BR,2022-07-01 15:22:37,-2.8856,-40.12,85.05,63,25,12.1
505,Ngaoundere,CM,2022-07-01 15:23:38,7.3167,13.5833,71.49,83,40,2.3
506,Liku,ID,2022-07-01 15:23:38,-0.7275,119.8922,74.77,89,73,2.75
507,Svetlogorsk,BY,2022-07-01 15:23:38,52.6333,29.7333,77.95,53,1,8.3
508,Washington,US,2022-07-01 15:19:35,47.5001,-120.5015,67.48,56,0,4.05
509,Vila Velha,BR,2022-07-01 15:21:02,-20.3297,-40.2925,78.75,72,40,9.22
510,Linares,CL,2022-07-01 15:23:39,-35.85,-71.6,49.35,87,100,6.93
511,Emba,KZ,2022-07-01 15:23:39,48.8264,58.1442,76.69,23,16,10.31
512,Port Shepstone,ZA,2022-07-01 15:23:39,-30.7414,30.455,65.8,57,0,6.6
513,Santa Cruz Do Capibaribe,BR,2022-07-01 15:23:40,-7.9575,-36.2047,73.22,89,100,7.27
514,Waingapu,ID,2022-07-01 15:23:40,-9.6567,120.2641,77.65,85,100,8.68
515,Kearney,US,2022-07-01 15:23:40,40.6995,-99.0815,69.57,77,20,11.5
516,Chara,RU,2022-07-01 15:23:40,56.9064,118.2631,66.69,86,99,3.98
517,Malakal,SS,2022-07-01 15:23:41,9.5334,31.6605,88.34,40,44,4.21
518,Vrangel,RU,2022-07-01 15:23:41,42.7297,133.0839,60.31,93,100,1.28
519,Pafos,CY,2022-07-01 15:23:41,34.7667,32.4167,86.23,74,20,12.66
520,Najran,SA,2022-07-01 15:23:42,17.4924,44.1277,97.45,10,99,12.93
521,Oliveira Dos Brejinhos,BR,2022-07-01 15:23:02,-12.3169,-42.8961,86.36,30,0,9.08
522,Portoferraio,IT,2022-07-01 15:23:42,42.8115,10.3146,88.32,70,20,0.0
523,Athabasca,CA,2022-07-01 15:23:42,54.7169,-113.2854,55.81,90,92,7.92
524,Tiarei,PF,2022-07-01 15:23:43,-17.5333,-149.3333,69.82,69,18,24.9
525,Guapore,BR,2022-07-01 15:23:11,-28.8456,-51.8903,58.71,59,0,4.36
526,Auki,SB,2022-07-01 15:23:43,-8.7676,160.7034,76.69,88,10,4.85
527,Mulki,IN,2022-07-01 15:23:43,13.1,74.8,78.08,94,75,4.61
528,Itarema,BR,2022-07-01 15:23:43,-2.9248,-39.9167,85.68,61,24,12.62
529,Abalak,RU,2022-07-01 15:23:44,58.1286,68.5944,58.78,68,70,6.58
530,Broken Hill,AU,2022-07-01 15:19:17,-31.95,141.4333,42.76,71,0,13.0
531,Salou,ES,2022-07-01 15:22:04,41.0766,1.1416,76.05,64,40,8.05
532,Ordzhonikidze,KZ,2022-07-01 15:23:44,52.4411,61.7408,67.86,46,87,6.87
533,Ashqelon,IL,2022-07-01 15:23:44,31.6693,34.5715,85.78,63,0,11.21
534,Porto Nacional,BR,2022-07-01 15:23:45,-10.7081,-48.4172,86.0,23,1,6.82
535,Valparaiso,CL,2022-07-01 15:18:50,-33.0393,-71.6273,53.47,92,100,9.22
536,Howard Springs,AU,2022-07-01 15:23:45,-12.497,131.047,67.82,87,63,12.12
537,Guantanamo,CU,2022-07-01 15:23:45,20.1444,-75.2092,87.37,55,86,8.14
538,Peniche,PT,2022-07-01 15:23:46,39.3558,-9.3811,78.3,65,0,16.62
539,Coahuayana,MX,2022-07-01 15:23:46,18.7333,-103.6833,84.65,69,98,0.69
540,Constitucion,CL,2022-07-01 15:23:46,-35.3333,-72.4167,52.36,80,87,12.68
541,Aracuai,BR,2022-07-01 15:23:46,-16.8497,-42.0703,82.53,39,74,4.38
542,Kikwit,CD,2022-07-01 15:23:47,-5.041,18.8162,94.78,19,58,6.64
543,Biak,ID,2022-07-01 15:23:47,-0.9131,122.8766,76.6,85,40,0.56
544,Kousseri,CM,2022-07-01 15:22:21,12.0769,15.0306,91.36,46,20,5.75
545,Soe,ID,2022-07-01 15:23:47,-9.8607,124.284,66.45,97,98,3.69
546,Humaita,BR,2022-07-01 15:23:48,-7.5061,-63.0208,88.68,42,74,2.84
547,Deputatskiy,RU,2022-07-01 15:23:48,69.3,139.9,43.43,90,100,2.91
548,Akdepe,TM,2022-07-01 15:23:48,42.0551,59.3788,91.49,15,0,9.28
549,Taoudenni,ML,2022-07-01 15:23:49,22.6783,-3.9836,114.26,7,40,10.74
550,Isabela,PH,2022-07-01 15:19:41,6.7085,121.9711,78.85,87,72,2.86
551,Puerto Escondido,MX,2022-07-01 15:20:17,15.85,-97.0667,86.83,62,0,5.75
552,Dunedin,NZ,2022-07-01 15:23:49,-45.8742,170.5036,46.8,78,100,5.99
553,Lake Charles,US,2022-07-01 15:24:49,30.2131,-93.2044,74.03,96,100,13.8
554,Kenora,CA,2022-07-01 15:22:59,49.8167,-94.4337,63.57,55,40,13.8
555,Yarovoye,RU,2022-07-01 15:24:50,52.9273,78.58,61.72,59,92,9.06
556,Chai Badan,TH,2022-07-01 15:24:50,15.2,101.1333,79.93,80,96,5.06
557,Butterworth,MY,2022-07-01 15:24:50,5.3991,100.3638,86.05,82,20,6.91
558,Hofn,IS,2022-07-01 15:24:51,64.2539,-15.2082,53.62,94,75,9.22
559,Kinablangan,PH,2022-07-01 15:24:51,7.6947,126.5503,79.02,85,40,4.99
560,Iquitos,PE,2022-07-01 15:24:51,-3.7481,-73.2472,84.24,74,75,3.44
561,Olot,ES,2022-07-01 15:24:51,42.181,2.4901,87.55,25,12,3.0
562,Zaliztsi,UA,2022-07-01 15:24:52,49.7919,25.373,86.4,37,65,12.26
563,Pontes E Lacerda,BR,2022-07-01 15:24:52,-15.2261,-59.3353,88.05,31,5,5.88
564,Salina Cruz,MX,2022-07-01 15:24:52,16.1667,-95.2,85.62,62,84,10.63
565,Siloam Springs,US,2022-07-01 15:24:00,36.1881,-94.5405,86.52,69,0,9.22
566,Marand,IR,2022-07-01 15:24:53,38.4329,45.7749,85.37,27,1,12.64
567,Saint-Louis,SN,2022-07-01 15:24:53,16.3333,-15.0,103.64,15,4,9.8
568,Mananjary,MG,2022-07-01 15:24:53,-21.2167,48.3333,68.68,76,68,6.17
569,Shar,KZ,2022-07-01 15:24:53,49.5886,81.0453,66.81,31,3,7.94
570,San Vicente,AR,2022-07-01 15:24:54,-26.6167,-54.1333,69.24,55,0,6.93
571,Xinpu,CN,2022-07-01 15:24:54,34.5997,119.1594,76.93,90,34,7.05
572,Doha,QA,2022-07-01 15:20:19,25.2867,51.5333,106.11,27,0,18.41
